Timestamp,Email address,Full Name,Class,College Number,Mobile Number,(AM) Slot Selection,(PM) Slot Selection,My Ambition
08/07/2023 22:22:06,0,Mohd Amir,503,0,0,Computer Science/IT,Architecture/Interior Design/Arts & Design,IT
08/07/2023 22:22:08,1,Nurul Aina,503,1,1,Others/Undecided,Business/Enterpreneurship/Accounting/Banking/Finance,NOT SURE
08/07/2023 22:22:14,2,Ahmad Rizwan,501,2,2,Academics/Lecturer/Scientist/Zoologist/Botanist/Astrophysics,Business/Enterpreneurship/Accounting/Banking/Finance,ACCOUNTANT
08/07/2023 22:22:16,3,Siti Fatimah,502,3,3,Medical/Specialist/Dentistry/Pharmacy/Forensic/Vet/Psychology,Business/Enterpreneurship/Accounting/Banking/Finance,VETERINA
08/07/2023 22:22:26,4,Mohamad Hafiz,503,4,4,Academics/Lecturer/Scientist/Zoologist/Botanist/Astrophysics,Architecture/Interior Design/Arts & Design,METEOROLOGISTS 
08/07/2023 22:22:27,5,Nurul Azira,503,5,5,Architecture/Interior Design/Arts & Design,Medical/Specialist/Dentistry/Pharmacy/Forensic/Vet/Psychology,ARCHITECT
08/07/2023 22:22:30,6,Abdul Rahman,501,6,6,Business/Enterpreneurship/Accounting/Banking/Finance,Computer Science/IT,BUSINESS IN IT
08/07/2023 22:22:31,7,Norazlina,508,7,7,Others/Undecided,Business/Enterpreneurship/Accounting/Banking/Finance,AUDITOR
08/07/2023 22:22:33,8,Zulkifli Ahmad,506,8,8,Medical/Specialist/Dentistry/Pharmacy/Forensic/Vet/Psychology,Engineering,DOCTOR
08/07/2023 22:22:35,9,Nurul Syafiqah,505,9,9,Medical/Specialist/Dentistry/Pharmacy/Forensic/Vet/Psychology,Others/Undecided,VETERINAR
08/07/2023 22:22:35,10,Azman Yusof,501,10,10,Business/Enterpreneurship/Accounting/Banking/Finance,Computer Science/IT,FINANCIAL ADVISOR
08/07/2023 22:22:35,11,Siti Norhayati,503,11,11,Medical/Specialist/Dentistry/Pharmacy/Forensic/Vet/Psychology,Others/Undecided,CARDIAC SURGEON
08/07/2023 22:22:35,12,Mohd Firdaus,507,12,12,Academics/Lecturer/Scientist/Zoologist/Botanist/Astrophysics,Engineering,PHYSICIST
08/07/2023 22:22:37,13,Norazura,509,13,13,Medical/Specialist/Dentistry/Pharmacy/Forensic/Vet/Psychology,Lawyer/Legal,NEUROSURGEON 
08/07/2023 22:22:37,14,Ismail Ali,505,14,14,Medical/Specialist/Dentistry/Pharmacy/Forensic/Vet/Psychology,Academics/Lecturer/Scientist/Zoologist/Botanist/Astrophysics,PEDIATRICS
08/07/2023 22:22:38,15,Nurul Hidayah,504,15,15,Entertainment/Film/Music/Modeling/Multimedia,Business/Enterpreneurship/Accounting/Banking/Finance,BUSINESS WOMAN
08/07/2023 22:22:38,16,Hafizul Rahman,507,16,16,Architecture/Interior Design/Arts & Design,Computer Science/IT,GRAPHIC DESIGNER
08/07/2023 22:22:39,17,Norhafiza,508,17,17,Medical/Specialist/Dentistry/Pharmacy/Forensic/Vet/Psychology,Computer Science/IT,MILITARY DOCTOR
08/07/2023 22:22:40,18,Muhammad Zain,506,18,18,Engineering,Architecture/Interior Design/Arts & Design,ARCHITECT OR ELECTRONIC ENGINEER
08/07/2023 22:22:44,19,Fazilah Abdullah,510,19,19,Medical/Specialist/Dentistry/Pharmacy/Forensic/Vet/Psychology,Academics/Lecturer/Scientist/Zoologist/Botanist/Astrophysics,ZOOLOGIST
08/07/2023 22:22:45,20,Khairul Anuar,507,20,20,Medical/Specialist/Dentistry/Pharmacy/Forensic/Vet/Psychology,Business/Enterpreneurship/Accounting/Banking/Finance,ANAESTHETIST 
08/07/2023 22:22:51,21,Norhayati Mohd,511,21,21,Entertainment/Film/Music/Modeling/Multimedia,Others/Undecided,EDITOR
08/07/2023 22:22:52,22,Mohd Azri,506,22,22,Medical/Specialist/Dentistry/Pharmacy/Forensic/Vet/Psychology,Business/Enterpreneurship/Accounting/Banking/Finance,DENTIST
08/07/2023 22:22:54,23,Siti Norazlina,505,23,23,Lawyer/Legal,Academics/Lecturer/Scientist/Zoologist/Botanist/Astrophysics,CRIMINAL LAWYER
08/07/2023 22:22:54,24,Razman Mohd,510,24,24,Medical/Specialist/Dentistry/Pharmacy/Forensic/Vet/Psychology,Computer Science/IT,DENTIST 
08/07/2023 22:22:54,25,Norazizah,501,25,25,Business/Enterpreneurship/Accounting/Banking/Finance,Lawyer/Legal,LAWYER
08/07/2023 22:22:55,26,Mohd Rizal,501,26,26,Business/Enterpreneurship/Accounting/Banking/Finance,Academics/Lecturer/Scientist/Zoologist/Botanist/Astrophysics,TEACHER
08/07/2023 22:22:55,27,Nurul Ain,505,27,27,Medical/Specialist/Dentistry/Pharmacy/Forensic/Vet/Psychology,Engineering,FORENSIC
08/07/2023 22:22:55,28,Azhar Ahmad,505,28,28,Medical/Specialist/Dentistry/Pharmacy/Forensic/Vet/Psychology,Academics/Lecturer/Scientist/Zoologist/Botanist/Astrophysics,DOCTOR
08/07/2023 22:22:57,29,Noraini Mohd,504,29,29,Business/Enterpreneurship/Accounting/Banking/Finance,Lawyer/Legal,TIADA
08/07/2023 22:22:57,30,Faisal Ismail,508,30,30,Lawyer/Legal,Medical/Specialist/Dentistry/Pharmacy/Forensic/Vet/Psychology,LAWYER / SCIENTIST
08/07/2023 22:22:58,31,Norazlin,505,31,31,Engineering,Business/Enterpreneurship/Accounting/Banking/Finance,BAKER
08/07/2023 22:22:58,32,Mohd Azlan,508,32,32,Lawyer/Legal,Medical/Specialist/Dentistry/Pharmacy/Forensic/Vet/Psychology,VETERINARIAN
08/07/2023 22:22:59,33,Siti Norfazilah,510,33,33,Academics/Lecturer/Scientist/Zoologist/Botanist/Astrophysics,Entertainment/Film/Music/Modeling/Multimedia,UNDEFINED
08/07/2023 22:23:00,34,Amirul Hakim,503,34,34,Medical/Specialist/Dentistry/Pharmacy/Forensic/Vet/Psychology,Engineering,VETERINARY
08/07/2023 22:23:02,35,Norazimah,504,35,35,Academics/Lecturer/Scientist/Zoologist/Botanist/Astrophysics,Business/Enterpreneurship/Accounting/Banking/Finance,LECTURER
08/07/2023 22:23:03,36,Iskandar Ibrahim,504,36,36,Medical/Specialist/Dentistry/Pharmacy/Forensic/Vet/Psychology,Others/Undecided,SURGEON OR PHARMACISTS
08/07/2023 22:23:04,37,Norzila,511,37,37,Engineering,Academics/Lecturer/Scientist/Zoologist/Botanist/Astrophysics,ENGINEER
08/07/2023 22:23:06,38,Haziqah Mohd,509,38,38,Engineering,Computer Science/IT,SOFTWARE ENGINEER 
08/07/2023 22:23:08,39,Nurul Izzah,508,39,39,Medical/Specialist/Dentistry/Pharmacy/Forensic/Vet/Psychology,Academics/Lecturer/Scientist/Zoologist/Botanist/Astrophysics,DOCTOR (ER) //FORENSIC SCIENTIST
08/07/2023 22:23:10,40,Mohd Azmi,502,40,40,Architecture/Interior Design/Arts & Design,Engineering,NOT SURE
08/07/2023 22:23:14,41,Farah Hani,511,41,41,Engineering,Others/Undecided,- 
08/07/2023 22:23:15,42,Khairul Azmi,511,42,42,Medical/Specialist/Dentistry/Pharmacy/Forensic/Vet/Psychology,Lawyer/Legal,NEONATALOGIST
08/07/2023 22:23:15,43,Nor Azura,507,43,43,Medical/Specialist/Dentistry/Pharmacy/Forensic/Vet/Psychology,Others/Undecided,WILDLIFE BIOLOGIST 
08/07/2023 22:23:17,44,Zainal Abidin,504,44,44,Lawyer/Legal,Medical/Specialist/Dentistry/Pharmacy/Forensic/Vet/Psychology,LAWYER
08/07/2023 22:23:18,45,Siti Norhayati,507,45,45,Medical/Specialist/Dentistry/Pharmacy/Forensic/Vet/Psychology,Business/Enterpreneurship/Accounting/Banking/Finance,PAEDIATRICIAN DOCTOR
08/07/2023 22:23:19,46,Azman Hassan,503,46,46,Academics/Lecturer/Scientist/Zoologist/Botanist/Astrophysics,Engineering,ENVIRONMENTAL ENGINEER 
08/07/2023 22:23:19,47,Noraini Abd,511,47,47,Academics/Lecturer/Scientist/Zoologist/Botanist/Astrophysics,Medical/Specialist/Dentistry/Pharmacy/Forensic/Vet/Psychology,ASTROPHYSICIST 
08/07/2023 22:23:22,48,Ahmad Syafiq,501,48,48,Computer Science/IT,Entertainment/Film/Music/Modeling/Multimedia,GAME DEVELOPER
08/07/2023 22:23:24,49,Norazah,502,49,49,Architecture/Interior Design/Arts & Design,Engineering,ENGINEER/ARCHITECT
08/07/2023 22:23:25,50,Mohd Zainuddin,511,50,50,Medical/Specialist/Dentistry/Pharmacy/Forensic/Vet/Psychology,Others/Undecided,SOMETHING RELATED TO MEDICINE
08/07/2023 22:23:25,51,Fauziah Mohd,503,51,51,Medical/Specialist/Dentistry/Pharmacy/Forensic/Vet/Psychology,Lawyer/Legal,DOCTOR
08/07/2023 22:23:25,52,Razali Ismail,511,52,52,Medical/Specialist/Dentistry/Pharmacy/Forensic/Vet/Psychology,Entertainment/Film/Music/Modeling/Multimedia,PSYCHIATRIST OR GYNAECOLOGIST 
08/07/2023 22:23:26,53,Norfarah,501,53,53,Business/Enterpreneurship/Accounting/Banking/Finance,Engineering,"ENGINEER, ENTREPRENEUR "
08/07/2023 22:23:26,54,Mohd Rizwan,508,54,54,Computer Science/IT,Academics/Lecturer/Scientist/Zoologist/Botanist/Astrophysics,SYSTEM ANALYST 
08/07/2023 22:23:27,55,Nurul Syafiqah,510,55,55,Lawyer/Legal,Academics/Lecturer/Scientist/Zoologist/Botanist/Astrophysics,LAWYER
08/07/2023 22:23:28,56,Abdul Rahman,502,56,56,Medical/Specialist/Dentistry/Pharmacy/Forensic/Vet/Psychology,Entertainment/Film/Music/Modeling/Multimedia,RADIOLOGIST
08/07/2023 22:23:28,57,Norazlina,509,57,57,Engineering,Others/Undecided,ENGINEER
08/07/2023 22:23:30,58,Zulkifli Ahmad,506,58,58,Medical/Specialist/Dentistry/Pharmacy/Forensic/Vet/Psychology,Computer Science/IT,DENTIST
08/07/2023 22:23:31,59,Nurul Azira,503,59,59,Medical/Specialist/Dentistry/Pharmacy/Forensic/Vet/Psychology,Lawyer/Legal,DENTIST
08/07/2023 22:23:31,60,Azman Yusof,511,60,60,Business/Enterpreneurship/Accounting/Banking/Finance,Medical/Specialist/Dentistry/Pharmacy/Forensic/Vet/Psychology,BUSINESS WOMEN
08/07/2023 22:23:31,61,Siti Norhayati,510,61,61,Academics/Lecturer/Scientist/Zoologist/Botanist/Astrophysics,Others/Undecided,DOCTOR
08/07/2023 22:23:34,62,Mohd Firdaus,508,62,62,Engineering,Computer Science/IT,ENGINEER
08/07/2023 22:23:36,63,Norazura,507,63,63,Medical/Specialist/Dentistry/Pharmacy/Forensic/Vet/Psychology,Academics/Lecturer/Scientist/Zoologist/Botanist/Astrophysics,MILITARY DOCTOR
08/07/2023 22:23:38,64,Ismail Ali,502,64,64,Medical/Specialist/Dentistry/Pharmacy/Forensic/Vet/Psychology,Architecture/Interior Design/Arts & Design,DERMATOLOGIST 
08/07/2023 22:23:38,65,Nurul Hidayah,501,65,65,Architecture/Interior Design/Arts & Design,Business/Enterpreneurship/Accounting/Banking/Finance,ARCHITECT
08/07/2023 22:23:39,66,Hafizul Rahman,507,66,66,Medical/Specialist/Dentistry/Pharmacy/Forensic/Vet/Psychology,Engineering,PILOT
08/07/2023 22:23:39,67,Norhafiza,506,67,67,Medical/Specialist/Dentistry/Pharmacy/Forensic/Vet/Psychology,Engineering,PHARMACIST
08/07/2023 22:23:39,68,Muhammad Zain,503,68,68,Academics/Lecturer/Scientist/Zoologist/Botanist/Astrophysics,Medical/Specialist/Dentistry/Pharmacy/Forensic/Vet/Psychology,TEACHER
08/07/2023 22:23:41,69,Fazilah Abdullah,505,69,69,Engineering,Computer Science/IT,ELECTRONIC ENGINEER
08/07/2023 22:23:41,70,Khairul Anuar,501,70,70,Business/Enterpreneurship/Accounting/Banking/Finance,Others/Undecided,ACCOUNTANT/PILOT
08/07/2023 22:23:43,71,Norhayati Mohd,507,71,71,Academics/Lecturer/Scientist/Zoologist/Botanist/Astrophysics,Business/Enterpreneurship/Accounting/Banking/Finance,"TEACHER,LECTURER"
08/07/2023 22:23:43,72,Mohd Azri,509,72,72,Lawyer/Legal,Entertainment/Film/Music/Modeling/Multimedia,PRIME MINISTER/POLITICIAN
08/07/2023 22:23:44,73,Siti Norazlina,504,73,73,Business/Enterpreneurship/Accounting/Banking/Finance,Architecture/Interior Design/Arts & Design,MARKETING MANAGER
08/07/2023 22:23:45,74,Razman Mohd,508,74,74,Medical/Specialist/Dentistry/Pharmacy/Forensic/Vet/Psychology,Engineering,PHARMACIST
08/07/2023 22:23:45,75,Norazizah,504,75,75,Engineering,Academics/Lecturer/Scientist/Zoologist/Botanist/Astrophysics,PLANTATION
08/07/2023 22:23:46,76,Mohd Rizal,511,76,76,Academics/Lecturer/Scientist/Zoologist/Botanist/Astrophysics,Others/Undecided, TEACHER
08/07/2023 22:23:47,77,Nurul Ain,505,77,77,Medical/Specialist/Dentistry/Pharmacy/Forensic/Vet/Psychology,Academics/Lecturer/Scientist/Zoologist/Botanist/Astrophysics,DOCTOR
08/07/2023 22:23:47,78,Azhar Ahmad,501,78,78,Business/Enterpreneurship/Accounting/Banking/Finance,Architecture/Interior Design/Arts & Design,FINANCIAL ANALYST
08/07/2023 22:23:49,79,Noraini Mohd,508,79,79,Medical/Specialist/Dentistry/Pharmacy/Forensic/Vet/Psychology,Academics/Lecturer/Scientist/Zoologist/Botanist/Astrophysics,NEUROSCIENTIST 
08/07/2023 22:23:52,80,Faisal Ismail,508,80,80,Engineering,Computer Science/IT,SOFTWARE ENGINEER
08/07/2023 22:23:52,81,Norazlin,504,81,81,Engineering,Medical/Specialist/Dentistry/Pharmacy/Forensic/Vet/Psychology,DOCTOR
08/07/2023 22:23:54,82,Mohd Azlan,507,82,82,Medical/Specialist/Dentistry/Pharmacy/Forensic/Vet/Psychology,Lawyer/Legal,"PSYCHOLOGIST, LAWYER, TRANSLATOR"
08/07/2023 22:23:55,83,Siti Norfazilah,507,83,83,Computer Science/IT,Engineering,CYBER SECURITY SPECIALIST
08/07/2023 22:23:57,84,Amirul Hakim,503,84,84,Business/Enterpreneurship/Accounting/Banking/Finance,Medical/Specialist/Dentistry/Pharmacy/Forensic/Vet/Psychology,MARKETER (BUSINESS)
08/07/2023 22:23:57,85,Norazimah,510,85,85,Academics/Lecturer/Scientist/Zoologist/Botanist/Astrophysics,Business/Enterpreneurship/Accounting/Banking/Finance,TEACHER
08/07/2023 22:23:57,86,Iskandar Ibrahim,502,86,86,Others/Undecided,Entertainment/Film/Music/Modeling/Multimedia,GENETICIST
08/07/2023 22:23:57,87,Norzila,506,87,87,Medical/Specialist/Dentistry/Pharmacy/Forensic/Vet/Psychology,Business/Enterpreneurship/Accounting/Banking/Finance,CARDIOVASCULAR SURGEON
08/07/2023 22:23:59,88,Haziqah Mohd,501,88,88,Business/Enterpreneurship/Accounting/Banking/Finance,Entertainment/Film/Music/Modeling/Multimedia,BUSINESS WOMEN
08/07/2023 22:23:59,89,Nurul Izzah,506,89,89,Academics/Lecturer/Scientist/Zoologist/Botanist/Astrophysics,Engineering,DONTHAVE FOR NOW
08/07/2023 22:23:59,90,Mohd Azmi,505,90,90,Architecture/Interior Design/Arts & Design,Lawyer/Legal,GRAPHIC DESIGN
08/07/2023 22:24:00,91,Farah Hani,502,91,91,Medical/Specialist/Dentistry/Pharmacy/Forensic/Vet/Psychology,Academics/Lecturer/Scientist/Zoologist/Botanist/Astrophysics,NEUROLOGIST
08/07/2023 22:24:00,92,Khairul Azmi,506,92,92,Medical/Specialist/Dentistry/Pharmacy/Forensic/Vet/Psychology,Architecture/Interior Design/Arts & Design,PSYCHOLOGIST
08/07/2023 22:24:02,93,Nor Azura,502,93,93,Medical/Specialist/Dentistry/Pharmacy/Forensic/Vet/Psychology,Architecture/Interior Design/Arts & Design,VETERINARIAN
08/07/2023 22:24:02,94,Zainal Abidin,505,94,94,Engineering,Medical/Specialist/Dentistry/Pharmacy/Forensic/Vet/Psychology,ENGINEER
08/07/2023 22:24:03,95,Siti Norhayati,506,95,95,Medical/Specialist/Dentistry/Pharmacy/Forensic/Vet/Psychology,Academics/Lecturer/Scientist/Zoologist/Botanist/Astrophysics,VETERINARY DOCTOR
08/07/2023 22:24:04,96,Azman Hassan,510,96,96,Academics/Lecturer/Scientist/Zoologist/Botanist/Astrophysics,Others/Undecided,UNDECIDED 
08/07/2023 22:24:05,97,Noraini Abd,508,97,97,Architecture/Interior Design/Arts & Design,Entertainment/Film/Music/Modeling/Multimedia,GAME CHARACTER DESIGNER
08/07/2023 22:24:06,98,Ahmad Syafiq,503,98,98,Medical/Specialist/Dentistry/Pharmacy/Forensic/Vet/Psychology,Architecture/Interior Design/Arts & Design,-
08/07/2023 22:24:06,99,Norazah,505,99,99,Medical/Specialist/Dentistry/Pharmacy/Forensic/Vet/Psychology,Lawyer/Legal,DOCTOR
08/07/2023 22:24:07,100,Mohd Zainuddin,502,100,100,Computer Science/IT,Business/Enterpreneurship/Accounting/Banking/Finance,SOFTWARE ENGINEERING
08/07/2023 22:24:08,101,Fauziah Mohd,505,101,101,Medical/Specialist/Dentistry/Pharmacy/Forensic/Vet/Psychology,Computer Science/IT,DENTIST
08/07/2023 22:24:08,102,Razali Ismail,503,102,102,Computer Science/IT,Engineering,COMPUTER ENGINEER
08/07/2023 22:24:08,103,Norfarah,511,103,103,Architecture/Interior Design/Arts & Design,Medical/Specialist/Dentistry/Pharmacy/Forensic/Vet/Psychology,INTERIOR DESIGNER
08/07/2023 22:24:09,104,Mohd Rizwan,510,104,104,Medical/Specialist/Dentistry/Pharmacy/Forensic/Vet/Psychology,Engineering,FORENSIC DOCTORS
08/07/2023 22:24:09,105,Nurul Syafiqah,511,105,105,Engineering,Business/Enterpreneurship/Accounting/Banking/Finance,MECHANICAL ENGINEER
08/07/2023 22:24:09,106,Abdul Rahman,506,106,106,Medical/Specialist/Dentistry/Pharmacy/Forensic/Vet/Psychology,Academics/Lecturer/Scientist/Zoologist/Botanist/Astrophysics,DOCTOR
08/07/2023 22:24:09,107,Norazlina,504,107,107,Engineering,Medical/Specialist/Dentistry/Pharmacy/Forensic/Vet/Psychology,ENGINEER IN THE FIELD OF GREEN TECHNOLOGY
08/07/2023 22:24:11,108,Zulkifli Ahmad,501,108,108,Business/Enterpreneurship/Accounting/Banking/Finance,Others/Undecided,AN ACCOUNTANT 
08/07/2023 22:24:11,109,Nurul Azira,506,109,109,Others/Undecided,Academics/Lecturer/Scientist/Zoologist/Botanist/Astrophysics,UNDECIDED
08/07/2023 22:24:13,110,Azman Yusof,506,110,110,Medical/Specialist/Dentistry/Pharmacy/Forensic/Vet/Psychology,Business/Enterpreneurship/Accounting/Banking/Finance,ACTUARIST
08/07/2023 22:24:13,111,Siti Norhayati,511,111,111,Medical/Specialist/Dentistry/Pharmacy/Forensic/Vet/Psychology,Architecture/Interior Design/Arts & Design,ARCHITECT
08/07/2023 22:24:14,112,Mohd Firdaus,507,112,112,Architecture/Interior Design/Arts & Design,Engineering,ARCHITECTURE
08/07/2023 22:24:14,113,Norazura,502,113,113,Medical/Specialist/Dentistry/Pharmacy/Forensic/Vet/Psychology,Computer Science/IT,COMPUTER SCIENCE RELATED
08/07/2023 22:24:14,114,Ismail Ali,510,114,114,Medical/Specialist/Dentistry/Pharmacy/Forensic/Vet/Psychology,Engineering,DOCTOR
08/07/2023 22:24:15,115,Nurul Hidayah,509,115,115,Medical/Specialist/Dentistry/Pharmacy/Forensic/Vet/Psychology,Medical/Specialist/Dentistry/Pharmacy/Forensic/Vet/Psychology,DENTIST
08/07/2023 22:24:15,116,Hafizul Rahman,510,116,116,Academics/Lecturer/Scientist/Zoologist/Botanist/Astrophysics,Entertainment/Film/Music/Modeling/Multimedia,VETERINARIAN
08/07/2023 22:24:15,117,Norhafiza,505,117,117,Medical/Specialist/Dentistry/Pharmacy/Forensic/Vet/Psychology,Others/Undecided,ANESTHESIOLOGIST 
08/07/2023 22:24:16,118,Muhammad Zain,503,118,118,Medical/Specialist/Dentistry/Pharmacy/Forensic/Vet/Psychology,Lawyer/Legal,CARDIOTHORARIC SURGEON
08/07/2023 22:24:16,119,Fazilah Abdullah,504,119,119,Medical/Specialist/Dentistry/Pharmacy/Forensic/Vet/Psychology,Others/Undecided,DOCTOR
08/07/2023 22:24:17,120,Khairul Anuar,509,120,120,Engineering,Architecture/Interior Design/Arts & Design,ENGINEER
08/07/2023 22:24:18,121,Norhayati Mohd,510,121,121,Medical/Specialist/Dentistry/Pharmacy/Forensic/Vet/Psychology,Others/Undecided,PHARMACIST
08/07/2023 22:24:20,122,Mohd Azri,510,122,122,Medical/Specialist/Dentistry/Pharmacy/Forensic/Vet/Psychology,Business/Enterpreneurship/Accounting/Banking/Finance,ANAESTHETIST 
08/07/2023 22:24:21,123,Siti Norazlina,509,123,123,Medical/Specialist/Dentistry/Pharmacy/Forensic/Vet/Psychology,Entertainment/Film/Music/Modeling/Multimedia,PHARMACIST
08/07/2023 22:24:24,124,Razman Mohd,505,124,124,Medical/Specialist/Dentistry/Pharmacy/Forensic/Vet/Psychology,Lawyer/Legal,LAWYER
08/07/2023 22:24:24,125,Norazizah,503,125,125,Entertainment/Film/Music/Modeling/Multimedia,Engineering,ENGINEER
08/07/2023 22:24:24,126,Mohd Rizal,506,126,126,Medical/Specialist/Dentistry/Pharmacy/Forensic/Vet/Psychology,Academics/Lecturer/Scientist/Zoologist/Botanist/Astrophysics,DENTIST
08/07/2023 22:24:26,127,Nurul Ain,507,127,127,Engineering,Others/Undecided,OIL & GAS ENGINEER
08/07/2023 22:24:27,128,Azhar Ahmad,506,128,128,Engineering,Lawyer/Legal,ENGINEER
08/07/2023 22:24:28,129,Noraini Mohd,505,129,129,Lawyer/Legal,Academics/Lecturer/Scientist/Zoologist/Botanist/Astrophysics,LAWYER
08/07/2023 22:24:29,130,Faisal Ismail,508,130,130,Medical/Specialist/Dentistry/Pharmacy/Forensic/Vet/Psychology,Computer Science/IT,SURGEON
08/07/2023 22:24:29,131,Norazlin,509,131,131,Engineering,Academics/Lecturer/Scientist/Zoologist/Botanist/Astrophysics,AEROSPACE ENGINEERING
08/07/2023 22:24:30,132,Mohd Azlan,504,132,132,Medical/Specialist/Dentistry/Pharmacy/Forensic/Vet/Psychology,Academics/Lecturer/Scientist/Zoologist/Botanist/Astrophysics,SURGEON
08/07/2023 22:24:31,133,Siti Norfazilah,503,133,133,Medical/Specialist/Dentistry/Pharmacy/Forensic/Vet/Psychology,Academics/Lecturer/Scientist/Zoologist/Botanist/Astrophysics,LECTURER / DENTIST
08/07/2023 22:24:31,134,Amirul Hakim,507,134,134,Others/Undecided,Architecture/Interior Design/Arts & Design,FASHION STYLIST 
08/07/2023 22:24:32,135,Norazimah,502,135,135,Academics/Lecturer/Scientist/Zoologist/Botanist/Astrophysics,Academics/Lecturer/Scientist/Zoologist/Botanist/Astrophysics,FORENSIC CHEMISTRY
08/07/2023 22:24:33,136,Iskandar Ibrahim,506,136,136,Medical/Specialist/Dentistry/Pharmacy/Forensic/Vet/Psychology,Lawyer/Legal,DOCTOR SURGEON 
08/07/2023 22:24:34,137,Norzila,502,137,137,Medical/Specialist/Dentistry/Pharmacy/Forensic/Vet/Psychology,Entertainment/Film/Music/Modeling/Multimedia,SURGEON
08/07/2023 22:24:35,138,Haziqah Mohd,509,138,138,Others/Undecided,Medical/Specialist/Dentistry/Pharmacy/Forensic/Vet/Psychology,FORENSIC PSYCHOLOGIST
08/07/2023 22:24:35,139,Nurul Izzah,510,139,139,Medical/Specialist/Dentistry/Pharmacy/Forensic/Vet/Psychology,Academics/Lecturer/Scientist/Zoologist/Botanist/Astrophysics,DOCTOR SURGEON
08/07/2023 22:24:35,140,Mohd Azmi,505,140,140,Others/Undecided,Medical/Specialist/Dentistry/Pharmacy/Forensic/Vet/Psychology,UNDECIDED 
08/07/2023 22:24:36,141,Farah Hani,511,141,141,Medical/Specialist/Dentistry/Pharmacy/Forensic/Vet/Psychology,Engineering,DOCTOR 
08/07/2023 22:24:36,142,Khairul Azmi,501,142,142,Business/Enterpreneurship/Accounting/Banking/Finance,Others/Undecided,ACCOUNTANT
08/07/2023 22:24:37,143,Nor Azura,507,143,143,Medical/Specialist/Dentistry/Pharmacy/Forensic/Vet/Psychology,Business/Enterpreneurship/Accounting/Banking/Finance,PAEDIATRICIAN DOCTOR
08/07/2023 22:24:37,144,Zainal Abidin,506,144,144,Medical/Specialist/Dentistry/Pharmacy/Forensic/Vet/Psychology,Business/Enterpreneurship/Accounting/Banking/Finance,PHARMACIST
08/07/2023 22:24:38,145,Siti Norhayati,509,145,145,Medical/Specialist/Dentistry/Pharmacy/Forensic/Vet/Psychology,Engineering,SURGEON/SCIENTIST
08/07/2023 22:24:38,146,Azman Hassan,507,146,146,Academics/Lecturer/Scientist/Zoologist/Botanist/Astrophysics,Entertainment/Film/Music/Modeling/Multimedia,BIOLOGY LECTURER / MUSIC EXPERT
08/07/2023 22:24:40,147,Noraini Abd,504,147,147,Medical/Specialist/Dentistry/Pharmacy/Forensic/Vet/Psychology,Entertainment/Film/Music/Modeling/Multimedia,DERMATOLOGIST 
08/07/2023 22:24:40,148,Ahmad Syafiq,508,148,148,Lawyer/Legal,Medical/Specialist/Dentistry/Pharmacy/Forensic/Vet/Psychology,LAWYER
08/07/2023 22:24:41,149,Norazah,504,149,149,Medical/Specialist/Dentistry/Pharmacy/Forensic/Vet/Psychology,Architecture/Interior Design/Arts & Design,DENTIST
08/07/2023 22:24:42,150,Mohd Zainuddin,509,150,150,Architecture/Interior Design/Arts & Design,Engineering,ARCHITECT
08/07/2023 22:24:42,151,Fauziah Mohd,508,151,151,Medical/Specialist/Dentistry/Pharmacy/Forensic/Vet/Psychology,Architecture/Interior Design/Arts & Design,MEDICAL DOCTOR
08/07/2023 22:24:43,152,Razali Ismail,511,152,152,Medical/Specialist/Dentistry/Pharmacy/Forensic/Vet/Psychology,Lawyer/Legal,UNDECIDED
08/07/2023 22:24:46,153,Norfarah,505,153,153,Business/Enterpreneurship/Accounting/Banking/Finance,Medical/Specialist/Dentistry/Pharmacy/Forensic/Vet/Psychology,NEUROLOGIST
08/07/2023 22:24:50,154,Mohd Rizwan,501,154,154,Business/Enterpreneurship/Accounting/Banking/Finance,Engineering,UNDECIDED
08/07/2023 22:24:50,155,Nurul Syafiqah,502,155,155,Medical/Specialist/Dentistry/Pharmacy/Forensic/Vet/Psychology,Academics/Lecturer/Scientist/Zoologist/Botanist/Astrophysics,DOCTOR
08/07/2023 22:24:51,156,Abdul Rahman,511,156,156,Computer Science/IT,Entertainment/Film/Music/Modeling/Multimedia,CYBERSECURITY 
08/07/2023 22:24:51,157,Norazlina,510,157,157,Others/Undecided,Medical/Specialist/Dentistry/Pharmacy/Forensic/Vet/Psychology,DONT KNOW YET
08/07/2023 22:24:52,158,Zulkifli Ahmad,509,158,158,Lawyer/Legal,Entertainment/Film/Music/Modeling/Multimedia,LAWYER
08/07/2023 22:24:53,159,Nurul Azira,509,159,159,Medical/Specialist/Dentistry/Pharmacy/Forensic/Vet/Psychology,Entertainment/Film/Music/Modeling/Multimedia,DENTIST
08/07/2023 22:24:53,160,Azman Yusof,504,160,160,Business/Enterpreneurship/Accounting/Banking/Finance,Engineering,AUTOMOBILE ENGINEER
08/07/2023 22:24:54,161,Siti Norhayati,508,161,161,Business/Enterpreneurship/Accounting/Banking/Finance,Engineering,CHEMICAL ENGINEER MANAGEMENT
08/07/2023 22:24:54,162,Mohd Firdaus,508,162,162,Medical/Specialist/Dentistry/Pharmacy/Forensic/Vet/Psychology,Academics/Lecturer/Scientist/Zoologist/Botanist/Astrophysics,PHARMACIST
08/07/2023 22:24:54,163,Norazura,510,163,163,Computer Science/IT,Computer Science/IT,IT PROGRAMMER
08/07/2023 22:24:55,164,Ismail Ali,503,164,164,Computer Science/IT,Entertainment/Film/Music/Modeling/Multimedia,GAME DEVELOPER
08/07/2023 22:24:56,165,Nurul Hidayah,502,165,165,Medical/Specialist/Dentistry/Pharmacy/Forensic/Vet/Psychology,Lawyer/Legal,DERMATOLOGIST AND LAWYER
08/07/2023 22:24:56,166,Hafizul Rahman,509,166,166,Medical/Specialist/Dentistry/Pharmacy/Forensic/Vet/Psychology,Architecture/Interior Design/Arts & Design,ORTHOPEDIC
08/07/2023 22:24:58,167,Norhafiza,503,167,167,Architecture/Interior Design/Arts & Design,Academics/Lecturer/Scientist/Zoologist/Botanist/Astrophysics,-
08/07/2023 22:24:58,168,Muhammad Zain,503,168,168,Others/Undecided,Academics/Lecturer/Scientist/Zoologist/Botanist/Astrophysics,PEGAWAI TADBIR DIPLOMAT
08/07/2023 22:24:59,169,Fazilah Abdullah,507,169,169,Engineering,Architecture/Interior Design/Arts & Design,CHEMICAL ENGINEER OR ARCHITECT
08/07/2023 22:24:59,170,Khairul Anuar,504,170,170,Medical/Specialist/Dentistry/Pharmacy/Forensic/Vet/Psychology,Others/Undecided,VETERINARIAN 
08/07/2023 22:25:04,171,Norhayati Mohd,504,171,171,Medical/Specialist/Dentistry/Pharmacy/Forensic/Vet/Psychology,Others/Undecided,NEUROSURGEON 
08/07/2023 22:25:05,172,Mohd Azri,510,172,172,Medical/Specialist/Dentistry/Pharmacy/Forensic/Vet/Psychology,Engineering,ENGINEER
08/07/2023 22:25:05,173,Siti Norazlina,505,173,173,Academics/Lecturer/Scientist/Zoologist/Botanist/Astrophysics,Medical/Specialist/Dentistry/Pharmacy/Forensic/Vet/Psychology,DENTIST
08/07/2023 22:25:10,174,Razman Mohd,510,174,174,Medical/Specialist/Dentistry/Pharmacy/Forensic/Vet/Psychology,Engineering,NEUROSURGEON
08/07/2023 22:25:11,175,Norazizah,506,175,175,Academics/Lecturer/Scientist/Zoologist/Botanist/Astrophysics,Engineering,AEROSPACE ENGINEERING 
08/07/2023 22:25:13,176,Mohd Rizal,510,176,176,Medical/Specialist/Dentistry/Pharmacy/Forensic/Vet/Psychology,Architecture/Interior Design/Arts & Design,SURGEON
08/07/2023 22:25:15,177,Nurul Ain,508,177,177,Academics/Lecturer/Scientist/Zoologist/Botanist/Astrophysics,Medical/Specialist/Dentistry/Pharmacy/Forensic/Vet/Psychology,LECTURE 
08/07/2023 22:25:20,178,Azhar Ahmad,504,178,178,Academics/Lecturer/Scientist/Zoologist/Botanist/Astrophysics,Architecture/Interior Design/Arts & Design,STILL NOT DECIDED
08/07/2023 22:25:21,179,Noraini Mohd,508,179,179,Medical/Specialist/Dentistry/Pharmacy/Forensic/Vet/Psychology,Academics/Lecturer/Scientist/Zoologist/Botanist/Astrophysics,DOCTOR
08/07/2023 22:25:22,180,Faisal Ismail,502,180,180,Medical/Specialist/Dentistry/Pharmacy/Forensic/Vet/Psychology,Business/Enterpreneurship/Accounting/Banking/Finance,PHARMACIST
08/07/2023 22:25:23,181,Norazlin,501,181,181,Business/Enterpreneurship/Accounting/Banking/Finance,Engineering,PILOT
08/07/2023 22:25:24,182,Mohd Azlan,510,182,182,Academics/Lecturer/Scientist/Zoologist/Botanist/Astrophysics,Entertainment/Film/Music/Modeling/Multimedia,UNDECIDED
08/07/2023 22:25:24,183,Siti Norfazilah,507,183,183,Medical/Specialist/Dentistry/Pharmacy/Forensic/Vet/Psychology,Business/Enterpreneurship/Accounting/Banking/Finance,DERMATOLOGIST 
08/07/2023 22:25:26,184,Amirul Hakim,505,184,184,Academics/Lecturer/Scientist/Zoologist/Botanist/Astrophysics,Lawyer/Legal,BIOCHEMIST SCIENTIST
08/07/2023 22:25:26,185,Norazimah,501,185,185,Others/Undecided,Business/Enterpreneurship/Accounting/Banking/Finance,ACCOUNTANT
08/07/2023 22:25:26,186,Iskandar Ibrahim,506,186,186,Medical/Specialist/Dentistry/Pharmacy/Forensic/Vet/Psychology,Others/Undecided,DOCTOR
08/07/2023 22:25:26,187,Norzila,504,187,187,Medical/Specialist/Dentistry/Pharmacy/Forensic/Vet/Psychology,Medical/Specialist/Dentistry/Pharmacy/Forensic/Vet/Psychology,MEDICAL FIELD
08/07/2023 22:25:27,188,Haziqah Mohd,505,188,188,Medical/Specialist/Dentistry/Pharmacy/Forensic/Vet/Psychology,Academics/Lecturer/Scientist/Zoologist/Botanist/Astrophysics,ANAESTHESIOLOGIST
08/07/2023 22:25:28,189,Nurul Izzah,507,189,189,Engineering,Academics/Lecturer/Scientist/Zoologist/Botanist/Astrophysics,ENGINEER
08/07/2023 22:25:29,190,Mohd Azmi,510,190,190,Engineering,Entertainment/Film/Music/Modeling/Multimedia,PETROLEUM ENGINEER 
08/07/2023 22:25:29,191,Farah Hani,511,191,191,Medical/Specialist/Dentistry/Pharmacy/Forensic/Vet/Psychology,Academics/Lecturer/Scientist/Zoologist/Botanist/Astrophysics,DERMATOLOGIST
08/07/2023 22:25:31,192,Khairul Azmi,502,192,192,Others/Undecided,Entertainment/Film/Music/Modeling/Multimedia,I HAVE NONE 
08/07/2023 22:25:37,193,Nor Azura,511,193,193,Engineering,Computer Science/IT,ACCOUNTANT
08/07/2023 22:25:40,194,Zainal Abidin,504,194,194,Medical/Specialist/Dentistry/Pharmacy/Forensic/Vet/Psychology,Academics/Lecturer/Scientist/Zoologist/Botanist/Astrophysics,DOCTOR
08/07/2023 22:25:40,195,Siti NorI,509,195,195,Medical/Specialist/Dentistry/Pharmacy/Forensic/Vet/Psychology,Others/Undecided,PSYCHOLOGIST 
08/07/2023 22:25:41,196,Norhayati,511,196,196,Architecture/Interior Design/Arts & Design,Computer Science/IT,IM NOT SURE
08/07/2023 22:25:42,197,Mohd Firdaus,511,197,197,Medical/Specialist/Dentistry/Pharmacy/Forensic/Vet/Psychology,Academics/Lecturer/Scientist/Zoologist/Botanist/Astrophysics,PSYCHIATRIST
08/07/2023 22:25:42,198,Norazura,501,198,198,Business/Enterpreneurship/Accounting/Banking/Finance,Engineering,BUSINESSMAN
08/07/2023 22:25:42,199,Ismail Ali,509,199,199,Others/Undecided,Medical/Specialist/Dentistry/Pharmacy/Forensic/Vet/Psychology,VETERINARIAN 
08/07/2023 22:25:43,200,Nurul Hidayah,508,200,200,Medical/Specialist/Dentistry/Pharmacy/Forensic/Vet/Psychology,Entertainment/Film/Music/Modeling/Multimedia,DOCTOR 
08/07/2023 22:25:45,201,Hafizul Rahman,511,201,201,Academics/Lecturer/Scientist/Zoologist/Botanist/Astrophysics,Lawyer/Legal,AN ENGLISH TEACHER
08/07/2023 22:25:47,202,Norhafiza,510,202,202,Academics/Lecturer/Scientist/Zoologist/Botanist/Astrophysics,Business/Enterpreneurship/Accounting/Banking/Finance,PILOT
08/07/2023 22:25:50,203,Muhammad Zain,502,203,203,Business/Enterpreneurship/Accounting/Banking/Finance,Engineering,ENGINEER
08/07/2023 22:25:53,204,Fazilah Abdullah,507,204,204,Medical/Specialist/Dentistry/Pharmacy/Forensic/Vet/Psychology,Others/Undecided,VETERINARY
08/07/2023 22:25:59,205,Khairul Anuar,509,205,205,Engineering,Medical/Specialist/Dentistry/Pharmacy/Forensic/Vet/Psychology,SDG ENGINEER
08/07/2023 22:26:00,206,Norhayati Mohd,505,206,206,Architecture/Interior Design/Arts & Design,Entertainment/Film/Music/Modeling/Multimedia,ARCHITECT
08/07/2023 22:26:01,207,Mohd Azri,502,207,207,Lawyer/Legal,Business/Enterpreneurship/Accounting/Banking/Finance,HUMAN RESOURCES OFFICER
08/07/2023 22:26:01,208,Siti Norazlina,502,208,208,Business/Enterpreneurship/Accounting/Banking/Finance,Engineering,CIVIL ENGINEERING
08/07/2023 22:26:05,209,Razman Mohd,509,209,209,Computer Science/IT,Entertainment/Film/Music/Modeling/Multimedia,PROGRAMMER
08/07/2023 22:26:14,210,Norazizah,501,210,210,Business/Enterpreneurship/Accounting/Banking/Finance,Architecture/Interior Design/Arts & Design,ARKITEK OR ACCOUNTANT
08/07/2023 22:26:25,211,Mohd Rizal,508,211,211,Academics/Lecturer/Scientist/Zoologist/Botanist/Astrophysics,Engineering,ASTROPHYSICIST
08/07/2023 22:26:27,212,Nurul Ain,508,212,212,Architecture/Interior Design/Arts & Design,Academics/Lecturer/Scientist/Zoologist/Botanist/Astrophysics,ARCHITECT 
08/07/2023 22:26:35,213,Azhar Ahmad,511,213,213,Academics/Lecturer/Scientist/Zoologist/Botanist/Astrophysics,Business/Enterpreneurship/Accounting/Banking/Finance,"EITHER A SCIENTIST, OR SOMETHING RELATED TO MATHEMATICS. IM NOT ENTIRELY SURE YET"
08/07/2023 22:26:43,214,Noraini Mohd,505,214,214,Engineering,Academics/Lecturer/Scientist/Zoologist/Botanist/Astrophysics,MARINE BIOLOGIST 
08/07/2023 22:26:48,215,Faisal Ismail,504,215,215,Academics/Lecturer/Scientist/Zoologist/Botanist/Astrophysics,Entertainment/Film/Music/Modeling/Multimedia,CIKGU
08/07/2023 22:26:53,216,Norazlin,506,216,216,Engineering,Others/Undecided,CHEMICAL ENGINEER
08/07/2023 22:26:56,217,Mohd Azlan,503,217,217,Academics/Lecturer/Scientist/Zoologist/Botanist/Astrophysics,Business/Enterpreneurship/Accounting/Banking/Finance,NOT DECIDED
08/07/2023 22:27:17,218,Siti Norfazilah,509,218,218,Engineering,Academics/Lecturer/Scientist/Zoologist/Botanist/Astrophysics,MARINE ENGINEER
08/07/2023 22:28:10,219,Amirul Hakim,504,219,219,Computer Science/IT,Entertainment/Film/Music/Modeling/Multimedia,SOFTWARE ENGINEERING
08/07/2023 22:30:16,220,Norazimah,503,220,220,Entertainment/Film/Music/Modeling/Multimedia,Entertainment/Film/Music/Modeling/Multimedia,ENGINEER
08/07/2023 22:35:48,221,Iskandar Ibrahim,501,221,221,Engineering,Medical/Specialist/Dentistry/Pharmacy/Forensic/Vet/Psychology,PHARMACIST 
08/07/2023 22:36:18,222,Norzila,511,222,222,Business/Enterpreneurship/Accounting/Banking/Finance,Others/Undecided,ROYAL MALAYSIAN AIR FORCE
08/07/2023 22:52:49,223,Haziqah Mohd,507,223,223,Medical/Specialist/Dentistry/Pharmacy/Forensic/Vet/Psychology,Others/Undecided,POSITIVE CASH FLOW
09/07/2023 13:03:59,224,Nurul Izzah,507,224,224,Medical/Specialist/Dentistry/Pharmacy/Forensic/Vet/Psychology,Business/Enterpreneurship/Accounting/Banking/Finance,BANYAK DUIT